,61,62,63,64,65,66,67,68,69,70,71,72,73,74,75,76,77,78,79,80,,システム戦略,経営戦略・企業と法務
3,,,,,,,,,,,,,,,,,,,,,,,
2,,,,,,,,,,,,,,,,,,,,,,,
1,,,,,,,,,,,,,,,,,,,,,,,
31,,,,,,,,,,,,,,,,,,,,,,,
30a,,,,,,,,,,,,,,,,,,,,,,,
30s,,,,,,,,,,,,,,,,,,,,,,,
29a,,,,,,,,,,,,,,,,,,,,,,,
29s,,,,,,,,,,,,,,,,,,,,,,,
28a,,,,,,,,,,,,,,,,,,,,,,,
28s,,,,,,,,,,,,,,,,,,,,,,,
27a,,,,,,,,,,,,,,,,,,,,,,,
27s,,,,,,,,,,,,,,,,,,,,,,,
26a,,,,,,,,,,,,,,,,,,,,,,,
26s,,,,,,,,,,,,,,,,,,,,,,,
25a,,,,,,,,,,,,,,,,,,,,,,,
25s,,,,,,,,,,,,,,,,,,,,,,,
24a,,,,,,,,,,,,,,,,,,,,,,,
24s,,,,,,,,,,,,,,,,,,,,,,,0
23a,,,,,,,,,,,,,,,,,,,,,,,-
23s,,,,,,,,,,,,,,,,,,,,,,,0
22a,1,1,0,0,1,0,0,0,0,0,0,0,0,0,0,0,0,0,0,0,,,-
22s,0,0,0,0,0,1,0,1,0,0,0,0,1,0,0,0,0,0,0,1,,,0
21a,0,1,0,1,1,1,0,0,0,1,0,0,0,0,0,0,1,0,1,1,,,-
21s,0,1,0,1,1,1,0,0,0,0,0,0,0,0,0,0,0,0,0,0,,,0
